{
  "users": [
    {
      "title": "Lorem",
      "content": "Lorem ipsum dolor sit amet, consectetur adipisicing elit. In error distinctio incidunt iure quaerat tempora, veritatis, quis ipsam accusamus molestiae nihil. Sunt vel, omnis id dolorum molestiae voluptatibus quibusdam! Reprehenderit.",
      "author": "SSS",
      "id": 3
    },
    {
      "title": "学前端可以找个什么样的工作呢?",
      "content": "WEB 前端工程师  \n",
      "categories": [
        "Node.js",
        "React.js",
        "Angular4",
        "Vue.js"
      ],
      "author": "chaochao",
      "id": 4
    },
    {
      "title": "Node.js",
      "content": "Node.js 是一个基于 Chrome V8 引擎的 JavaScript 运行环境。Node.js 使用了一个事件驱动、非阻塞式 I/O 的模型,使其轻量又高效。",
      "categories": [
        "Node.js"
      ],
      "author": "dede",
      "id": 5
    },
    {
      "title": "Angular",
      "content": "AngularJS是一个开发动态Web应用的框架。它让你可以使用HTML作为模板语言并且可以通过扩展的HTML语法来使应用组件更加清晰和简洁。它的创新之处在于，通过数据绑定和依赖注入减少了大量代码，而这些都在浏览器端通过JavaScript实现，能够和任何服务器端技术完美结合。",
      "categories": [
        "Angular4"
      ],
      "author": "titi",
      "id": 6
    }
  ]
}